workload,allocator,addrmap,block_tokens,seed,csv,prompt_len,n_requests,completed,dropped,frag_failures,decode_steps,samples,peak_live_blocks,pool_blocks,pool_utilization_peak,blocks_allocated_total,cow_copies,spec_stalls,copied_bytes,m1_mean,m1_p05,m1_p95,m2_mean,m2_p05,m2_p95,m3_gbps_mean,m4_ns_mean,m4_ns_p95
fixedlen,paged,host-cacheline,4,0,results/heatmap/fixedlen_paged_host-cacheline_bt4_pr512_s0.csv,512,300,300,0,0,1284,159,6735,13395,0.50279955,48000,0,0,0,0.73649653,0.60687023,0.93266745,0.73032107,0.59651644,0.92517857,927.87858,3154.5491,5149.42
fixedlen,paged,host-cacheline,4,0,results/heatmap/fixedlen_paged_host-cacheline_bt4_pr1024_s0.csv,1024,300,300,0,0,1284,159,12751,24044,0.53031941,86400,0,0,0,0.81744053,0.70754163,0.95104895,0.8121973,0.69909304,0.93415351,1264.4109,4072.9748,6326.89
fixedlen,paged,host-cacheline,4,0,results/heatmap/fixedlen_paged_host-cacheline_bt4_pr2048_s0.csv,2048,300,300,0,0,1284,159,24783,45344,0.54655522,163200,0,0,0,0.8817371,0.81117879,0.95879608,0.87976607,0.81321203,0.96101258,1672.7635,5548.0805,7834.29
fixedlen,paged,host-cacheline,4,0,results/heatmap/fixedlen_paged_host-cacheline_bt4_pr4096_s0.csv,4096,300,300,0,0,1284,159,48847,87942,0.55544563,316800,0,0,0,0.92241846,0.88110391,0.96475825,0.92209055,0.87566791,0.97971539,2074.2657,8451.8447,10694.77
fixedlen,paged,host-cacheline,4,0,results/heatmap/fixedlen_paged_host-cacheline_bt4_pr8192_s0.csv,8192,300,300,0,0,1284,159,96975,173139,0.56009911,624000,0,0,0,0.94529574,0.92554636,0.9665081,0.94413057,0.9000413,0.99388216,2389.9681,14312.36,16786.76
fixedlen,paged,host-cacheline,4,0,results/heatmap/fixedlen_paged_host-cacheline_bt4_pr16384_s0.csv,16384,300,300,0,0,1284,159,193231,343532,0.56248326,1238400,0,0,0,0.95701307,0.94467823,0.96849587,0.95861805,0.92365159,0.99520235,2602.1297,25968.066,28126.33
fixedlen,paged,host-cacheline,8,0,results/heatmap/fixedlen_paged_host-cacheline_bt8_pr512_s0.csv,512,300,300,0,0,1284,159,3376,6739,0.50096453,24000,0,0,0,0.79271041,0.6533264,0.9403863,0.99455523,0.98844872,1,1396.3562,1858.7572,2753.03
fixedlen,paged,host-cacheline,8,0,results/heatmap/fixedlen_paged_host-cacheline_bt8_pr1024_s0.csv,1024,300,300,0,0,1284,159,6384,12064,0.52917772,43200,0,0,0,0.86744789,0.78090278,0.95454545,0.99711381,0.9937455,1,1781.0131,2654.8931,3656.49
fixedlen,paged,host-cacheline,8,0,results/heatmap/fixedlen_paged_host-cacheline_bt8_pr2048_s0.csv,2048,300,300,0,0,1284,159,12400,22713,0.54594285,81600,0,0,0,0.91666842,0.87212194,0.96153846,0.9985111,0.99673385,1,2175.2447,4073.8698,5060.36
fixedlen,paged,host-cacheline,8,0,results/heatmap/fixedlen_paged_host-cacheline_bt8_pr4096_s0.csv,4096,300,300,0,0,1284,159,24432,44012,0.55512133,158400,0,0,0,0.94221132,0.91898688,0.96511628,0.9992434,0.99832983,1,2480.5126,6927.9497,7962.58
fixedlen,paged,host-cacheline,8,0,results/heatmap/fixedlen_paged_host-cacheline_bt8_pr8192_s0.csv,8192,300,300,0,0,1284,159,48496,86611,0.55992888,312000,0,0,0,0.95526584,0.94389275,0.96689709,0.99961856,0.99915532,1,2682.1148,12641.485,13641.29
fixedlen,paged,host-cacheline,8,0,results/heatmap/fixedlen_paged_host-cacheline_bt8_pr16384_s0.csv,16384,300,300,0,0,1284,159,96624,171808,0.56239523,619200,0,0,0,0.96196776,0.95624647,0.96783626,0.99980849,0.99957522,1,2802.9917,24054.221,25052.49
fixedlen,paged,host-cacheline,16,0,results/heatmap/fixedlen_paged_host-cacheline_bt16_pr512_s0.csv,512,300,300,0,0,1284,159,1697,3411,0.49750806,12000,0,0,0,0.88063486,0.82177731,0.94927536,0.99455523,0.98844872,1,1843.4957,1334.5208,1800.59
fixedlen,paged,host-cacheline,16,0,results/heatmap/fixedlen_paged_host-cacheline_bt16_pr1024_s0.csv,1024,300,300,0,0,1284,159,3201,6073,0.52708711,21600,0,0,0,0.91848949,0.87587209,0.96129949,0.99711381,0.9937455,1,2188.2491,2084.3252,2575.76
fixedlen,paged,host-cacheline,16,0,results/heatmap/fixedlen_paged_host-cacheline_bt16_pr2048_s0.csv,2048,300,300,0,0,1284,159,6209,11398,0.54474469,40800,0,0,0,0.94281001,0.92104296,0.96500759,0.9985111,0.99673385,1,2485.1612,3509.1893,4020.73
fixedlen,paged,host-cacheline,16,0,results/heatmap/fixedlen_paged_host-cacheline_bt16_pr4096_s0.csv,4096,300,300,0,0,1284,159,12225,22048,0.55447206,79200,0,0,0,0.95545618,0.94368072,0.96687447,0.9992434,0.99832983,1,2683.9703,6365.8289,6892.22
fixedlen,paged,host-cacheline,16,0,results/heatmap/fixedlen_paged_host-cacheline_bt16_pr8192_s0.csv,8192,300,300,0,0,1284,159,24257,43347,0.55960043,156000,0,0,0,0.96194785,0.95647126,0.96744412,0.99961856,0.99915532,1,2801.8951,12079.364,12570.37
fixedlen,paged,host-cacheline,16,0,results/heatmap/fixedlen_paged_host-cacheline_bt16_pr16384_s0.csv,16384,300,300,0,0,1284,159,48321,85945,0.56223166,309600,0,0,0,0.96537767,0.96258139,0.9682803,0.99980849,0.99957522,1,2869.7044,23483.141,23971.76
fixedlen,paged,host-cacheline,32,0,results/heatmap/fixedlen_paged_host-cacheline_bt32_pr512_s0.csv,512,300,300,0,0,1284,159,860,1747,0.49227247,6000,0,0,0,0.92667312,0.90118421,0.95658385,0.99455523,0.98844872,1,2262.9601,1059.3478,1290.76
fixedlen,paged,host-cacheline,32,0,results/heatmap/fixedlen_paged_host-cacheline_bt32_pr1024_s0.csv,1024,300,300,0,0,1284,159,1612,3078,0.5237167,10800,0,0,0,0.94513839,0.92551604,0.9629902,0.99711381,0.9937455,1,2514.1674,1786.1145,2042.59
fixedlen,paged,host-cacheline,32,0,results/heatmap/fixedlen_paged_host-cacheline_bt32_pr2048_s0.csv,2048,300,300,0,0,1284,159,3116,5740,0.54285714,20400,0,0,0,0.95636937,0.94776119,0.96567488,0.9985111,0.99673385,1,2697.2874,3216.0981,3453
fixedlen,paged,host-cacheline,32,0,results/heatmap/fixedlen_paged_host-cacheline_bt32_pr4096_s0.csv,4096,300,300,0,0,1284,159,6124,11065,0.55345685,39600,0,0,0,0.9626679,0.95809524,0.96731397,0.9992434,0.99832983,1,2814.5263,6059.683,6291.53
fixedlen,paged,host-cacheline,32,0,results/heatmap/fixedlen_paged_host-cacheline_bt32_pr8192_s0.csv,8192,300,300,0,0,1284,159,12140,21715,0.55906056,78000,0,0,0,0.96560193,0.96328649,0.96793314,0.99961856,0.99915532,1,2873.6442,11771.938,12011.4
fixedlen,paged,host-cacheline,32,0,results/heatmap/fixedlen_paged_host-cacheline_bt32_pr16384_s0.csv,16384,300,300,0,0,1284,159,24172,43014,0.56195657,154800,0,0,0,0.967175,0.96591184,0.96837137,0.99980849,0.99957522,1,2906.5776,23182.114,23438.59
fixedlen,paged,host-cacheline,64,0,results/heatmap/fixedlen_paged_host-cacheline_bt64_pr512_s0.csv,512,300,300,0,0,1284,159,444,915,0.4852459,3000,0,0,0,0.9510892,0.9375,0.96376812,0.99455523,0.98844872,1,2598.5604,913.69811,1046.56
fixedlen,paged,host-cacheline,64,0,results/heatmap/fixedlen_paged_host-cacheline_bt64_pr1024_s0.csv,1024,300,300,0,0,1284,159,820,1580,0.51898734,5400,0,0,0,0.95893965,0.95035461,0.96567488,0.99711381,0.9937455,1,2738.7864,1631.7616,1768.99
fixedlen,paged,host-cacheline,64,0,results/heatmap/fixedlen_paged_host-cacheline_bt64_pr2048_s0.csv,2048,300,300,0,0,1284,159,1572,2912,0.53983516,10200,0,0,0,0.96367944,0.95914035,0.96719409,0.9985111,0.99673385,1,2832.0951,3058.1616,3195.39
fixedlen,paged,host-cacheline,64,0,results/heatmap/fixedlen_paged_host-cacheline_bt64_pr4096_s0.csv,4096,300,300,0,0,1284,159,3076,5574,0.55184787,19800,0,0,0,0.9661707,0.96387145,0.96796737,0.9992434,0.99832983,1,2884.1585,5910.9616,6048.19
fixedlen,paged,host-cacheline,64,0,results/heatmap/fixedlen_paged_host-cacheline_bt64_pr8192_s0.csv,8192,300,300,0,0,1284,159,6084,10899,0.55821635,39000,0,0,0,0.96747315,0.96634615,0.96841594,0.99961856,0.99915532,1,2912.2666,11614.514,11744.56
fixedlen,paged,host-cacheline,64,0,results/heatmap/fixedlen_paged_host-cacheline_bt64_pr16384_s0.csv,16384,300,300,0,0,1284,159,12100,21548,0.56153703,77400,0,0,0,0.9680966,0.9675057,0.96855346,0.99980849,0.99957522,1,2925.9702,23027.762,23164.99
fixedlen,paged,host-cacheline,128,0,results/heatmap/fixedlen_paged_host-cacheline_bt128_pr512_s0.csv,512,300,300,0,0,1284,159,235,499,0.47094188,1500,0,0,0,0.9654318,0.96153846,0.96875,0.99455523,0.98844872,1,2855.9755,827.94654,891.5
fixedlen,paged,host-cacheline,128,0,results/heatmap/fixedlen_paged_host-cacheline_bt128_pr1024_s0.csv,1024,300,300,0,0,1284,159,423,832,0.50841346,2700,0,0,0,0.96702253,0.96511628,0.96875,0.99711381,0.9937455,1,2895.6458,1541.1465,1604.7
fixedlen,paged,host-cacheline,128,0,results/heatmap/fixedlen_paged_host-cacheline_bt128_pr2048_s0.csv,2048,300,300,0,0,1284,159,799,1497,0.53373413,5100,0,0,0,0.96786767,0.96692607,0.96875,0.9985111,0.99673385,1,2917.3498,2967.5465,3031.1
fixedlen,paged,host-cacheline,128,0,results/heatmap/fixedlen_paged_host-cacheline_bt128_pr4096_s0.csv,4096,300,300,0,0,1284,159,1551,2828,0.54844413,9900,0,0,0,0.96830397,0.96783626,0.96875,0.9992434,0.99832983,1,2928.7277,5820.3465,5883.9
fixedlen,paged,host-cacheline,128,0,results/heatmap/fixedlen_paged_host-cacheline_bt128_pr8192_s0.csv,8192,300,300,0,0,1284,159,3055,5491,0.55636496,19500,0,0,0,0.96852574,0.96829268,0.96875,0.99961856,0.99915532,1,2934.5566,11525.947,11589.5
fixedlen,paged,host-cacheline,128,0,results/heatmap/fixedlen_paged_host-cacheline_bt128_pr16384_s0.csv,16384,300,300,0,0,1284,159,6063,10816,0.56055843,38700,0,0,0,0.96863756,0.96852123,0.96875,0.99980849,0.99957522,1,2937.5072,22937.147,23000.7
fixedlen,paged,host-cacheline,256,0,results/heatmap/fixedlen_paged_host-cacheline_bt256_pr512_s0.csv,512,300,300,0,0,1284,159,141,249,0.56626506,900,0,0,0,0.9654318,0.96153846,0.96875,0.99455523,0.98844872,1,2855.9755,827.94654,891.5
fixedlen,paged,host-cacheline,256,0,results/heatmap/fixedlen_paged_host-cacheline_bt256_pr1024_s0.csv,1024,300,300,0,0,1284,159,235,416,0.56490385,1500,0,0,0,0.96702253,0.96511628,0.96875,0.99711381,0.9937455,1,2895.6458,1541.1465,1604.7
fixedlen,paged,host-cacheline,256,0,results/heatmap/fixedlen_paged_host-cacheline_bt256_pr2048_s0.csv,2048,300,300,0,0,1284,159,423,748,0.56550802,2700,0,0,0,0.96786767,0.96692607,0.96875,0.9985111,0.99673385,1,2917.3498,2967.5465,3031.1
fixedlen,paged,host-cacheline,256,0,results/heatmap/fixedlen_paged_host-cacheline_bt256_pr4096_s0.csv,4096,300,300,0,0,1284,159,799,1414,0.56506365,5100,0,0,0,0.96830397,0.96783626,0.96875,0.9992434,0.99832983,1,2928.7277,5820.3465,5883.9
fixedlen,paged,host-cacheline,256,0,results/heatmap/fixedlen_paged_host-cacheline_bt256_pr8192_s0.csv,8192,300,300,0,0,1284,159,1551,2745,0.56502732,9900,0,0,0,0.96852574,0.96829268,0.96875,0.99961856,0.99915532,1,2934.5566,11525.947,11589.5
fixedlen,paged,host-cacheline,256,0,results/heatmap/fixedlen_paged_host-cacheline_bt256_pr16384_s0.csv,16384,300,300,0,0,1284,159,3055,5408,0.56490385,19500,0,0,0,0.96863756,0.96852123,0.96875,0.99980849,0.99957522,1,2937.5072,22937.147,23000.7
