workload,allocator,addrmap,block_tokens,seed,headroom,kv_shards,coalesce,csv,n_requests,completed,dropped,frag_failures,decode_steps,samples,peak_live_blocks,pool_blocks,pool_utilization_peak,blocks_allocated_total,cow_copies,spec_stalls,copied_bytes,m1_mean,m1_p05,m1_p95,m2_mean,m2_p05,m2_p95,m3_gbps_mean,m4_ns_mean,m4_ns_p95,arrival_rate
spec,contiguous,host-cacheline,4,0,1.3,1,window,results/phaseA/spec_contiguous_host-cacheline_bt4_s0.csv,1000,1000,0,0,4643,2147,6405,12396,0.51669894,156713,0,0,1081679872,0.95855953,0.9375,0.96835443,0.96270266,0.91666667,1,2649.8419,862.49809,2152.61,
spec,contiguous,host-cacheline,4,0,1.3,1,inorder,results/phaseA/spec_contiguous_host-cacheline_bt4_cminorder_s0.csv,1000,1000,0,0,4643,2147,6405,12396,0.51669894,156713,0,0,1081679872,0.99463288,0.99180328,0.99591411,0.12432911,0.12397541,0.12448926,450.92443,5199.0891,13194.64,
spec,contiguous,host-cacheline,4,1,1.3,1,window,results/phaseA/spec_contiguous_host-cacheline_bt4_s1.csv,1000,1000,0,0,4700,2154,6663,12979,0.51336775,163695,0,0,1116299264,0.9582792,0.93478261,0.96846847,0.9620847,0.9156079,1,2644.9447,891.08124,2266.3,
spec,contiguous,host-cacheline,4,2,1.3,1,window,results/phaseA/spec_contiguous_host-cacheline_bt4_s2.csv,1000,1000,0,0,4323,2000,7018,11897,0.58989661,151306,0,0,1142206464,0.95824836,0.9375,0.96850394,0.95905362,0.91567892,1,2636.0592,890.96805,2258.13,
spec,contiguous,host-cacheline,16,0,1.3,1,window,results/phaseA/spec_contiguous_host-cacheline_bt16_s0.csv,1000,1000,0,0,4643,2147,1831,3161,0.57924707,45546,0,0,1081679872,0.95786018,0.9375,0.96759259,0.9892268,0.96428571,1,2710.3299,843.41975,2083.81,
spec,contiguous,host-cacheline,16,0,1.3,1,inorder,results/phaseA/spec_contiguous_host-cacheline_bt16_cminorder_s0.csv,1000,1000,0,0,4643,2147,1831,3161,0.57924707,45546,0,0,1081679872,0.99469168,0.99204876,0.99595043,0.12433646,0.12400609,0.1244938,451.1878,5197.2028,13226.14,
spec,contiguous,host-cacheline,16,1,1.3,1,window,results/phaseA/spec_contiguous_host-cacheline_bt16_s1.csv,1000,1000,0,0,4700,2154,1927,3244,0.59401973,47293,0,0,1116299264,0.95754828,0.93333333,0.96774194,0.98916678,0.96527778,1,2706.5488,870.18598,2223.73,
spec,contiguous,host-cacheline,16,2,1.3,1,window,results/phaseA/spec_contiguous_host-cacheline_bt16_s2.csv,1000,1000,0,56,4321,2003,2020,2995,0.67445743,44203,0,0,1142206464,0.95808429,0.9375,0.9673913,0.98939312,0.96527778,1,2715.9813,858.09765,2163.1,
spec,contiguous,host-cacheline,64,0,1.3,1,window,results/phaseA/spec_contiguous_host-cacheline_bt64_s0.csv,1000,1000,0,84,4646,2150,684,832,0.82211538,17774,0,0,1081679872,0.96014704,0.94230769,0.96827526,0.98931252,0.96428571,1,2748.4346,834.65763,2058.33,
spec,contiguous,host-cacheline,64,0,1.3,1,inorder,results/phaseA/spec_contiguous_host-cacheline_bt64_cminorder_s0.csv,1000,1000,0,84,4646,2150,684,832,0.82211538,17774,0,0,1081679872,0.99498144,0.99270073,0.99602544,0.12437268,0.12408759,0.12450318,452.46408,5177.8596,13086.11,
spec,contiguous,host-cacheline,64,1,1.3,1,window,results/phaseA/spec_contiguous_host-cacheline_bt64_s1.csv,1000,1000,0,276,4660,2153,688,832,0.82692308,18185,0,0,1116299264,0.95992844,0.94117647,0.96849401,0.9891283,0.96516667,1,2746.8478,852.94589,2221.58,
spec,contiguous,host-cacheline,64,2,1.3,1,window,results/phaseA/spec_contiguous_host-cacheline_bt64_s2.csv,1000,1000,0,1767,4311,2006,620,748,0.82887701,17419,0,0,1142206464,0.96025263,0.94444444,0.96829268,0.99000321,0.96634615,1,2753.8493,858.8985,2180.3,
spec,contiguous,host-cacheline,128,0,1.3,1,window,results/phaseA/spec_contiguous_host-cacheline_bt128_s0.csv,1000,1000,0,3538,4790,2216,360,416,0.86538462,13131,0,0,1081679872,0.9628058,0.95,0.96875,0.9890097,0.96428571,1,2795.2755,827.9769,2107.35,
spec,contiguous,host-cacheline,128,0,1.3,1,inorder,results/phaseA/spec_contiguous_host-cacheline_bt128_cminorder_s0.csv,1000,1000,0,3538,4790,2216,360,416,0.86538462,13131,0,0,1081679872,0.99531155,0.99346405,0.99606972,0.12441394,0.12418301,0.12450872,453.94991,5188.5068,13476.55,
spec,contiguous,host-cacheline,128,1,1.3,1,window,results/phaseA/spec_contiguous_host-cacheline_bt128_s1.csv,1000,1000,0,3987,4865,2268,367,416,0.88221154,13339,0,0,1116299264,0.96311848,0.95,0.96875,0.98912427,0.96428571,1,2800.1973,849.06799,2271.89,
spec,contiguous,host-cacheline,128,2,1.3,1,window,results/phaseA/spec_contiguous_host-cacheline_bt128_s2.csv,1000,1000,0,4182,4911,2300,362,416,0.87019231,12956,0,0,1142206464,0.96303772,0.95,0.96875,0.98956292,0.9663243,1,2801.5569,852.74996,2131.43,
spec,paged,host-cacheline,4,0,1.3,1,window,results/phaseA/spec_paged_host-cacheline_bt4_s0.csv,1000,1000,0,0,4643,2147,6117,12396,0.49346563,804121,77389,0,2533326848,0.53795518,0.5,0.71886486,0.52779284,0.49363782,0.69299754,404.66887,6344.6632,16393.06,
spec,paged,host-cacheline,4,0,1.3,1,inorder,results/phaseA/spec_paged_host-cacheline_bt4_cminorder_s0.csv,1000,1000,0,0,4643,2147,6117,12396,0.49346563,804121,77389,0,2533326848,0.89773503,0.88770053,0.94903654,0.11221688,0.11096257,0.11862957,220.88633,10757.857,27631.86,
spec,paged,host-cacheline,4,1,1.3,1,window,results/phaseA/spec_paged_host-cacheline_bt4_s1.csv,1000,1000,0,0,4700,2154,6335,12979,0.48809616,832390,79936,0,2622046208,0.53234794,0.5,0.69944915,0.52347267,0.49375,0.66582031,392.04692,6739.9524,17731.82,
spec,paged,host-cacheline,4,2,1.3,1,window,results/phaseA/spec_paged_host-cacheline_bt4_s2.csv,1000,1000,0,0,4323,2000,6682,11897,0.5616542,835352,81742,0,2671689728,0.53203629,0.5,0.6894697,0.52368741,0.49423077,0.66545037,387.21495,6701.0938,17481.16,
spec,paged,host-cacheline,16,0,1.3,1,window,results/phaseA/spec_paged_host-cacheline_bt16_s0.csv,1000,1000,0,0,4643,2147,1543,3161,0.48813667,509926,96427,0,12644941824,0.75646399,0.73913043,0.81152281,0.9892268,0.96428571,1,1153.4046,2024.478,5112.4,
spec,paged,host-cacheline,16,0,1.3,1,inorder,results/phaseA/spec_paged_host-cacheline_bt16_cminorder_s0.csv,1000,1000,0,0,4643,2147,1543,3161,0.48813667,509926,96427,0,12644941824,0.97014743,0.96774194,0.97684368,0.12126843,0.12096774,0.12210546,360.58835,6503.0412,16456.86,
spec,paged,host-cacheline,16,1,1.3,1,window,results/phaseA/spec_paged_host-cacheline_bt16_s1.csv,1000,1000,0,0,4700,2154,1599,3244,0.49290999,527493,99731,0,13092929536,0.75423774,0.73809524,0.78947368,0.98916678,0.96527778,1,1143.5489,2115.6173,5419.155,
spec,paged,host-cacheline,16,2,1.3,1,window,results/phaseA/spec_paged_host-cacheline_bt16_s2.csv,1000,1000,0,0,4323,2000,1684,2995,0.56227045,535541,101948,0,13353402368,0.754209,0.73809524,0.79414391,0.98950555,0.96590909,1,1141.6626,2109.0335,5539.7,
spec,paged,host-cacheline,64,0,1.3,1,window,results/phaseA/spec_paged_host-cacheline_bt64_s0.csv,1000,1000,0,0,4643,2147,400,832,0.48076923,436694,101316,0,53038710784,0.93252915,0.92,0.9375,0.9892268,0.96428571,1,2304.4306,1004.2862,2515.92,
spec,paged,host-cacheline,64,0,1.3,1,inorder,results/phaseA/spec_paged_host-cacheline_bt64_cminorder_s0.csv,1000,1000,0,0,4643,2147,400,832,0.48076923,436694,101316,0,53038710784,0.99153951,0.98983051,0.99224806,0.12394244,0.12372881,0.12403101,437.27085,5375.0649,13676.14,
spec,paged,host-cacheline,64,1,1.3,1,window,results/phaseA/spec_paged_host-cacheline_bt64_s1.csv,1000,1000,0,0,4700,2154,414,832,0.49759615,450928,104647,0,54894411776,0.93222839,0.91666667,0.9375,0.98916678,0.96527778,1,2300.8699,1037.7475,2709.12,
spec,paged,host-cacheline,64,2,1.3,1,window,results/phaseA/spec_paged_host-cacheline_bt64_s2.csv,1000,1000,0,0,4323,2000,436,748,0.5828877,460319,107015,0,56086806528,0.93227728,0.91983333,0.9375,0.98950555,0.96590909,1,2302.6605,1033.3325,2694.5,
spec,paged,host-cacheline,128,0,1.3,1,window,results/phaseA/spec_paged_host-cacheline_bt128_s0.csv,1000,1000,0,0,4643,2147,209,416,0.50240385,424609,102184,0,107274207232,0.96279317,0.95,0.96875,0.9892268,0.96428571,1,2794.9142,826.71891,2070.8,
spec,paged,host-cacheline,128,0,1.3,1,inorder,results/phaseA/spec_paged_host-cacheline_bt128_cminorder_s0.csv,1000,1000,0,0,4643,2147,209,416,0.50240385,424609,102184,0,107274207232,0.99531325,0.99346405,0.99607073,0.12441416,0.12418301,0.12450884,453.95189,5178.7375,13181.14,
spec,paged,host-cacheline,128,1,1.3,1,window,results/phaseA/spec_paged_host-cacheline_bt128_s1.csv,1000,1000,0,0,4700,2154,218,416,0.52403846,438147,105457,0,111224963072,0.96281755,0.94736842,0.96875,0.98916678,0.96527778,1,2795.7195,852.85919,2220.72,
spec,paged,host-cacheline,128,2,1.3,1,window,results/phaseA/spec_paged_host-cacheline_bt128_s2.csv,1000,1000,0,0,4323,2000,225,416,0.54086538,447734,107855,0,113566597120,0.96308407,0.95,0.96875,0.98950555,0.96590909,1,2801.8529,848.0254,2206.1,
spec,pim-aware,host-cacheline,4,0,1.3,1,window,results/phaseA/spec_pim-aware_host-cacheline_bt4_s0.csv,1000,1000,0,0,4643,2147,6117,12416,0.49267075,804121,77389,0,2533326848,0.95564113,0.93725,0.96774194,0.85549456,0.73272652,0.98077378,2312.2209,1011.9557,2596.91,
spec,pim-aware,host-cacheline,4,0,1.3,1,inorder,results/phaseA/spec_pim-aware_host-cacheline_bt4_cminorder_s0.csv,1000,1000,0,0,4643,2147,6117,12416,0.49267075,804121,77389,0,2533326848,0.99345142,0.99,0.99574332,0.12418143,0.12375,0.12446792,445.68401,5273.2857,13409.18,
spec,pim-aware,host-cacheline,4,1,1.3,1,window,results/phaseA/spec_pim-aware_host-cacheline_bt4_s1.csv,1000,1000,0,0,4700,2154,6335,12992,0.48760776,832390,79936,0,2622046208,0.95469338,0.93333333,0.96774194,0.85124435,0.72562296,0.98243371,2289.6476,1058.1498,2785.81,
spec,pim-aware,host-cacheline,4,2,1.3,1,window,results/phaseA/spec_pim-aware_host-cacheline_bt4_s2.csv,1000,1000,0,0,4323,2000,6682,11904,0.56132392,835352,81742,0,2671689728,0.95456552,0.93333333,0.96774194,0.84537447,0.72578556,0.97619048,2270.9138,1076.6925,2841.9,
spec,pim-aware,host-cacheline,16,0,1.3,1,window,results/phaseA/spec_pim-aware_host-cacheline_bt16_s0.csv,1000,1000,0,0,4643,2147,1543,3168,0.48705808,509926,96427,0,12644941824,0.87860621,0.79662064,0.95454545,0.9892268,0.96428571,1,1848.8488,1295.2713,3297.41,
spec,pim-aware,host-cacheline,16,0,1.3,1,inorder,results/phaseA/spec_pim-aware_host-cacheline_bt16_cminorder_s0.csv,1000,1000,0,0,4643,2147,1543,3168,0.48705808,509926,96427,0,12644941824,0.98492249,0.97487437,0.99433374,0.12311531,0.1218593,0.12429172,411.7514,5696.7929,14510.3,
spec,pim-aware,host-cacheline,16,1,1.3,1,window,results/phaseA/spec_pim-aware_host-cacheline_bt16_s1.csv,1000,1000,0,0,4700,2154,1599,3248,0.49230296,527493,99731,0,13092929536,0.8767362,0.79411765,0.95638686,0.98916678,0.96527778,1,1840.3473,1346.8143,3645.315,
spec,pim-aware,host-cacheline,16,2,1.3,1,window,results/phaseA/spec_pim-aware_host-cacheline_bt16_s2.csv,1000,1000,0,0,4323,2000,1684,3000,0.56133333,535541,101948,0,13353402368,0.87171251,0.797538,0.95061728,0.98950555,0.96590909,1,1787.4176,1405.4323,3771.345,
spec,pim-aware,host-cacheline,64,0,1.3,1,window,results/phaseA/spec_pim-aware_host-cacheline_bt64_s0.csv,1000,1000,0,0,4643,2147,400,832,0.48076923,436694,101316,0,53038710784,0.94337649,0.92,0.96296296,0.9892268,0.96428571,1,2471.3328,925.2368,2301.71,
spec,pim-aware,host-cacheline,64,0,1.3,1,inorder,results/phaseA/spec_pim-aware_host-cacheline_bt64_cminorder_s0.csv,1000,1000,0,0,4643,2147,400,832,0.48076923,436694,101316,0,53038710784,0.9928866,0.98989899,0.99537574,0.12411082,0.12373737,0.12442197,443.17617,5287.6639,13437.86,
spec,pim-aware,host-cacheline,64,1,1.3,1,window,results/phaseA/spec_pim-aware_host-cacheline_bt64_s1.csv,1000,1000,0,0,4700,2154,414,832,0.49759615,450928,104647,0,54894411776,0.94308888,0.92,0.96315789,0.98916678,0.96527778,1,2467.5874,954.87372,2456.505,
spec,pim-aware,host-cacheline,64,2,1.3,1,window,results/phaseA/spec_pim-aware_host-cacheline_bt64_s2.csv,1000,1000,0,0,4323,2000,436,748,0.5828877,460319,107015,0,56086806528,0.9427175,0.92,0.96181888,0.98950555,0.96590909,1,2461.8323,960.0725,2471.645,
spec,pim-aware,host-cacheline,128,0,1.3,1,window,results/phaseA/spec_pim-aware_host-cacheline_bt128_s0.csv,1000,1000,0,0,4643,2147,209,416,0.50240385,424609,102184,0,107274207232,0.96279317,0.95,0.96875,0.9892268,0.96428571,1,2794.9142,826.71891,2070.8,
spec,pim-aware,host-cacheline,128,0,1.3,1,inorder,results/phaseA/spec_pim-aware_host-cacheline_bt128_cminorder_s0.csv,1000,1000,0,0,4643,2147,209,416,0.50240385,424609,102184,0,107274207232,0.99531325,0.99346405,0.99607073,0.12441416,0.12418301,0.12450884,453.95189,5178.7375,13181.14,
spec,pim-aware,host-cacheline,128,1,1.3,1,window,results/phaseA/spec_pim-aware_host-cacheline_bt128_s1.csv,1000,1000,0,0,4700,2154,218,416,0.52403846,438147,105457,0,111224963072,0.96281755,0.94736842,0.96875,0.98916678,0.96527778,1,2795.7195,852.85919,2220.72,
spec,pim-aware,host-cacheline,128,2,1.3,1,window,results/phaseA/spec_pim-aware_host-cacheline_bt128_s2.csv,1000,1000,0,0,4323,2000,225,416,0.54086538,447734,107855,0,113566597120,0.96308407,0.95,0.96875,0.98950555,0.96590909,1,2801.8529,848.0254,2206.1,
steady,contiguous,host-cacheline,4,0,1.3,1,window,results/phaseA/steady_contiguous_host-cacheline_bt4_s0.csv,1000,1000,0,3714,6587,2875,8913,12396,0.71902227,148713,0,0,0,0.95893387,0.9375,0.96850394,0.95955205,0.91666667,1,2647.985,928.55423,2363.48,
steady,contiguous,host-cacheline,4,0,1.3,1,inorder,results/phaseA/steady_contiguous_host-cacheline_bt4_cminorder_s0.csv,1000,1000,0,3714,6587,2875,8913,12396,0.71902227,148713,0,0,0,0.99466662,0.99193548,0.99593862,0.12433333,0.12399194,0.12449233,451.07604,5594.3339,14599.84,
steady,contiguous,host-cacheline,4,1,1.3,1,window,results/phaseA/steady_contiguous_host-cacheline_bt4_s1.csv,1000,1000,0,3739,6788,2945,9455,12979,0.72848447,155695,0,0,0,0.95954729,0.938,0.96875,0.96427243,0.91948413,1,2671.966,971.89199,2444.6,
steady,contiguous,host-cacheline,4,2,1.3,1,window,results/phaseA/steady_contiguous_host-cacheline_bt4_s2.csv,1000,1000,0,4616,7083,3115,8472,11897,0.7121123,143306,0,0,0,0.95873944,0.9375,0.96825397,0.96270355,0.91824301,1,2655.1845,934.69907,2410.2,
steady,contiguous,host-cacheline,16,0,1.3,1,window,results/phaseA/steady_contiguous_host-cacheline_bt16_s0.csv,1000,1000,0,3343,6485,2805,2274,3161,0.7193926,37546,0,0,0,0.95794312,0.9375,0.9673913,0.98892673,0.9625,1,2711.5558,895.82955,2324.2,
steady,contiguous,host-cacheline,16,0,1.3,1,inorder,results/phaseA/steady_contiguous_host-cacheline_bt16_cminorder_s0.csv,1000,1000,0,3343,6485,2805,2274,3161,0.7193926,37546,0,0,0,0.99469865,0.99186992,0.99592944,0.12433733,0.12398374,0.12449118,451.21848,5525.9791,14663.6,
steady,contiguous,host-cacheline,16,0,1.1,1,window,results/phaseA/steady_contiguous_host-cacheline_bt16_hr1.1_s0.csv,1000,1000,0,5472,7406,3263,1961,2675,0.73308411,37546,0,0,0,0.95824618,0.93478261,0.96721311,0.98979773,0.96590909,1,2719.164,923.35434,2367.2,
steady,contiguous,host-cacheline,16,0,1.3,1,window,results/phaseA/steady_contiguous_host-cacheline_bt16_s0.csv,1000,1000,0,3343,6485,2805,2274,3161,0.7193926,37546,0,0,0,0.95794312,0.9375,0.9673913,0.98892673,0.9625,1,2711.5558,895.82955,2324.2,
steady,contiguous,host-cacheline,16,0,1.6,1,window,results/phaseA/steady_contiguous_host-cacheline_bt16_hr1.6_s0.csv,1000,1000,0,682,5909,2534,2699,3891,0.69365202,37546,0,0,0,0.9580488,0.93478261,0.96746404,0.98914279,0.96428571,1,2715.6379,888.62435,2327.21,
steady,contiguous,host-cacheline,16,0,2,1,window,results/phaseA/steady_contiguous_host-cacheline_bt16_hr2.0_s0.csv,1000,1000,0,0,5836,2495,2786,4864,0.57277961,37546,0,0,0,0.95811898,0.9375,0.96756035,0.98912537,0.96354167,1,2715.8244,896.75134,2352.58,
steady,contiguous,host-cacheline,16,0,1.3,1,window,results/phaseA/steady_contiguous_host-cacheline_bt16_ar0.5_s0.csv,1000,1000,0,3786,6375,2769,2271,3161,0.71844353,37546,0,0,0,0.95785864,0.93391304,0.96759259,0.9893856,0.9655303,1,2713.1954,927.29242,2398.16,0.5
steady,contiguous,host-cacheline,16,0,1.3,1,window,results/phaseA/steady_contiguous_host-cacheline_bt16_ar1.0_s0.csv,1000,1000,0,3889,6373,2755,2311,3161,0.73109775,37546,0,0,0,0.9579144,0.93478261,0.96762939,0.98987214,0.96657051,1,2714.1942,903.02087,2319.79,1
steady,contiguous,host-cacheline,16,1,1.3,1,window,results/phaseA/steady_contiguous_host-cacheline_bt16_s1.csv,1000,1000,0,3846,6841,2980,2340,3244,0.72133169,39293,0,0,0,0.95822624,0.9375,0.96769231,0.99007597,0.96875,1,2720.0445,915.13836,2307.115,
steady,contiguous,host-cacheline,16,2,1.3,1,window,results/phaseA/steady_contiguous_host-cacheline_bt16_s2.csv,1000,1000,0,4573,7109,3117,2110,2995,0.70450751,36203,0,0,0,0.95788384,0.93478261,0.96759259,0.98927397,0.9625,1,2715.2884,924.41983,2393,
steady,contiguous,host-cacheline,64,0,1.3,1,window,results/phaseA/steady_contiguous_host-cacheline_bt64_s0.csv,1000,1000,0,2922,6405,2763,616,832,0.74038462,9774,0,0,0,0.96028495,0.94230769,0.96821911,0.98966884,0.96428571,1,2752.8801,887.88936,2299.84,
steady,contiguous,host-cacheline,64,0,1.3,1,inorder,results/phaseA/steady_contiguous_host-cacheline_bt64_cminorder_s0.csv,1000,1000,0,2922,6405,2763,616,832,0.74038462,9774,0,0,0,0.99499887,0.99270073,0.99601594,0.12437486,0.12408759,0.12450199,452.54979,5519.8173,14679.54,
steady,contiguous,host-cacheline,64,1,1.3,1,window,results/phaseA/steady_contiguous_host-cacheline_bt64_s1.csv,1000,1000,0,3570,6748,2922,632,832,0.75961538,10185,0,0,0,0.96040911,0.94230769,0.96825397,0.99005345,0.96759259,1,2756.4815,949.58214,2418.8,
steady,contiguous,host-cacheline,64,2,1.3,1,window,results/phaseA/steady_contiguous_host-cacheline_bt64_s2.csv,1000,1000,0,4734,7121,3127,538,748,0.71925134,9419,0,0,0,0.96063608,0.94230769,0.96842105,0.98918957,0.96354167,1,2758.8067,902.32319,2321.62,
steady,contiguous,host-cacheline,128,0,1.3,1,window,results/phaseA/steady_contiguous_host-cacheline_bt128_s0.csv,1000,1000,0,3283,6440,2801,307,416,0.73798077,5131,0,0,0,0.96329153,0.95,0.96875,0.98973929,0.96634615,1,2804.7737,889.32424,2274.9,
steady,contiguous,host-cacheline,128,0,1.3,1,inorder,results/phaseA/steady_contiguous_host-cacheline_bt128_cminorder_s0.csv,1000,1000,0,3283,6440,2801,307,416,0.73798077,5131,0,0,0,0.99537898,0.99358974,0.99607662,0.12442237,0.12419872,0.12450958,454.24276,5580.7394,14517,
steady,contiguous,host-cacheline,128,1,1.3,1,window,results/phaseA/steady_contiguous_host-cacheline_bt128_s1.csv,1000,1000,0,4022,6886,2983,316,416,0.75961538,5339,0,0,0,0.96351132,0.95238095,0.96875,0.99053966,0.96875,1,2812.0536,911.90774,2375.8,
steady,contiguous,host-cacheline,128,2,1.3,1,window,results/phaseA/steady_contiguous_host-cacheline_bt128_s2.csv,1000,1000,0,3698,6746,2937,304,416,0.73076923,4956,0,0,0,0.96327518,0.95,0.96875,0.99006107,0.96590909,1,2807.1055,911.21958,2418.8,
steady,paged,host-cacheline,4,0,1.3,1,window,results/phaseA/steady_paged_host-cacheline_bt4_s0.csv,1000,1000,0,0,5986,2574,9739,12396,0.78565666,148713,0,0,0,0.54169756,0.5,0.78956086,0.53778954,0.4930097,0.78483796,431.93428,6819.9516,19279.31,
steady,paged,host-cacheline,4,0,1.3,1,inorder,results/phaseA/steady_paged_host-cacheline_bt4_cminorder_s0.csv,1000,1000,0,0,5986,2574,9739,12396,0.78565666,148713,0,0,0,0.8999413,0.8875,0.96742339,0.11249266,0.1109375,0.12092792,225.93132,11462.986,31609.79,
steady,paged,host-cacheline,4,1,1.3,1,window,results/phaseA/steady_paged_host-cacheline_bt4_s1.csv,1000,1000,0,0,6134,2640,10625,12979,0.81863009,155695,0,0,0,0.53831586,0.5,0.78334166,0.53508032,0.49431381,0.78078664,423.95568,7201.9617,18950.435,
steady,paged,host-cacheline,4,2,1.3,1,window,results/phaseA/steady_paged_host-cacheline_bt4_s2.csv,1000,1000,0,0,6405,2780,9091,11897,0.76414222,143306,0,0,0,0.53375131,0.5,0.73667248,0.53015769,0.49341518,0.73077489,404.5238,7301.857,19346.125,
steady,paged,host-cacheline,16,0,1.3,1,window,results/phaseA/steady_paged_host-cacheline_bt16_s0.csv,1000,1000,0,0,5959,2560,2500,3161,0.79088896,37546,0,0,0,0.76945868,0.73913043,0.89709225,0.98939929,0.96527778,1,1226.2691,2097.3769,5732.1,
steady,paged,host-cacheline,16,0,1.3,1,inorder,results/phaseA/steady_paged_host-cacheline_bt16_cminorder_s0.csv,1000,1000,0,0,5959,2560,2500,3161,0.79088896,37546,0,0,0,0.97172771,0.96774194,0.98715787,0.12146596,0.12096774,0.12339473,366.03286,6847.7297,18450.57,
steady,paged,host-cacheline,16,0,1.1,1,window,results/phaseA/steady_paged_host-cacheline_bt16_hr1.1_s0.csv,1000,1000,0,0,6486,2824,2146,2675,0.80224299,37546,0,0,0,0.76611355,0.73913043,0.89407879,0.98985053,0.96428571,1,1211.5156,2150.5164,5776.585,
steady,paged,host-cacheline,16,0,1.3,1,window,results/phaseA/steady_paged_host-cacheline_bt16_s0.csv,1000,1000,0,0,5959,2560,2500,3161,0.79088896,37546,0,0,0,0.76945868,0.73913043,0.89709225,0.98939929,0.96527778,1,1226.2691,2097.3769,5732.1,
steady,paged,host-cacheline,16,0,1.6,1,window,results/phaseA/steady_paged_host-cacheline_bt16_hr1.6_s0.csv,1000,1000,0,0,5836,2495,2786,3891,0.71601131,37546,0,0,0,0.77235167,0.73913043,0.9,0.98912537,0.96354167,1,1240.1976,2083.7558,5723.5,
steady,paged,host-cacheline,16,0,2,1,window,results/phaseA/steady_paged_host-cacheline_bt16_hr2.0_s0.csv,1000,1000,0,0,5836,2495,2786,4864,0.57277961,37546,0,0,0,0.77226313,0.73913043,0.90056075,0.98912537,0.96354167,1,1239.7506,2083.5601,5723.5,
steady,paged,host-cacheline,16,0,1.3,1,window,results/phaseA/steady_paged_host-cacheline_bt16_ar0.5_s0.csv,1000,1000,0,0,5789,2475,2480,3161,0.78456185,37546,0,0,0,0.76566318,0.73973913,0.88165503,0.98974905,0.96621503,1,1206.3856,2173.5398,5839.3,0.5
steady,paged,host-cacheline,16,0,1.3,1,window,results/phaseA/steady_paged_host-cacheline_bt16_ar1.0_s0.csv,1000,1000,0,0,5747,2455,2492,3161,0.78835811,37546,0,0,0,0.76390112,0.73913043,0.87591463,0.9900729,0.96730549,1,1198.6739,2156.7806,5686.99,1
steady,paged,host-cacheline,16,1,1.3,1,window,results/phaseA/steady_paged_host-cacheline_bt16_s1.csv,1000,1000,0,0,6148,2645,2661,3244,0.8202836,39293,0,0,0,0.76805149,0.74074074,0.90258065,0.98963017,0.96634615,1,1220.1663,2256.381,5961.98,
steady,paged,host-cacheline,16,2,1.3,1,window,results/phaseA/steady_paged_host-cacheline_bt16_s2.csv,1000,1000,0,0,6408,2780,2294,2995,0.76594324,36203,0,0,0,0.76509755,0.73913043,0.87904616,0.98967527,0.96496429,1,1200.7904,2232.633,5798.6,
steady,paged,host-cacheline,64,0,1.3,1,window,results/phaseA/steady_paged_host-cacheline_bt64_s0.csv,1000,1000,0,0,5921,2540,655,832,0.78725962,9774,0,0,0,0.93464605,0.92,0.95238095,0.9890527,0.96354167,1,2336.774,1065.8146,2830.23,
steady,paged,host-cacheline,64,0,1.3,1,inorder,results/phaseA/steady_paged_host-cacheline_bt64_cminorder_s0.csv,1000,1000,0,0,5921,2540,655,832,0.78725962,9774,0,0,0,0.99179957,0.98976109,0.99401287,0.12397495,0.12372014,0.12425161,438.41494,5756.6779,15483.08,
steady,paged,host-cacheline,64,1,1.3,1,window,results/phaseA/steady_paged_host-cacheline_bt64_s1.csv,1000,1000,0,0,6151,2646,689,832,0.828125,10185,0,0,0,0.93488554,0.92105263,0.95309161,0.98975903,0.96634615,1,2340.8588,1128.7714,2904.9,
steady,paged,host-cacheline,64,2,1.3,1,window,results/phaseA/steady_paged_host-cacheline_bt64_s2.csv,1000,1000,0,0,6500,2829,580,748,0.77540107,9419,0,0,0,0.93447233,0.92105263,0.95,0.98988473,0.96759259,1,2334.7372,1113.797,2872.8,
steady,paged,host-cacheline,128,0,1.3,1,window,results/phaseA/steady_paged_host-cacheline_bt128_s0.csv,1000,1000,0,0,5985,2572,334,416,0.80288462,5131,0,0,0,0.96321037,0.95,0.96875,0.9892735,0.96428571,1,2803.1543,881.77068,2300.7,
steady,paged,host-cacheline,128,0,1.3,1,inorder,results/phaseA/steady_paged_host-cacheline_bt128_cminorder_s0.csv,1000,1000,0,0,5985,2572,334,416,0.80288462,5131,0,0,0,0.99536461,0.99358974,0.99607257,0.12442058,0.12419872,0.12450907,454.19002,5534.5713,14743.61,
steady,paged,host-cacheline,128,1,1.3,1,window,results/phaseA/steady_paged_host-cacheline_bt128_s1.csv,1000,1000,0,0,6241,2689,352,416,0.84615385,5339,0,0,0,0.96345792,0.95238095,0.96875,0.98951779,0.96457143,1,2808.5805,950.43466,2427.4,
steady,paged,host-cacheline,128,2,1.3,1,window,results/phaseA/steady_paged_host-cacheline_bt128_s2.csv,1000,1000,0,0,6277,2717,327,416,0.78605769,4956,0,0,0,0.96344841,0.95,0.96875,0.9894668,0.96527778,1,2807.894,918.29076,2411.92,
steady,pim-aware,host-cacheline,4,0,1.3,1,window,results/phaseA/steady_pim-aware_host-cacheline_bt4_s0.csv,1000,1000,0,0,5983,2573,9726,12416,0.78334407,148713,0,0,0,0.96304843,0.95,0.96875,0.98928266,0.96428571,1,2800.3565,883.1862,2309.3,
steady,pim-aware,host-cacheline,4,0,1.3,1,inorder,results/phaseA/steady_pim-aware_host-cacheline_bt4_cminorder_s0.csv,1000,1000,0,0,5983,2573,9726,12416,0.78334407,148713,0,0,0,0.99534437,0.99346405,0.99606815,0.12441805,0.12418301,0.12450852,454.09968,5542.105,14788.76,
steady,pim-aware,host-cacheline,4,1,1.3,1,window,results/phaseA/steady_pim-aware_host-cacheline_bt4_s1.csv,1000,1000,0,0,6131,2639,10596,12992,0.81557882,155695,0,0,0,0.963238,0.95,0.96875,0.98944351,0.96663462,1,2803.7982,924.96885,2385.26,
steady,pim-aware,host-cacheline,4,2,1.3,1,window,results/phaseA/steady_pim-aware_host-cacheline_bt4_s2.csv,1000,1000,0,0,6405,2779,9062,11904,0.76125672,143306,0,0,0,0.9633173,0.95,0.96875,0.99008338,0.96634615,1,2807.6069,923.62782,2385.26,
steady,pim-aware,host-cacheline,16,0,1.3,1,window,results/phaseA/steady_pim-aware_host-cacheline_bt16_s0.csv,1000,1000,0,0,5955,2558,2497,3168,0.78819444,37546,0,0,0,0.96327142,0.95,0.96875,0.98980761,0.96428571,1,2805.3679,883.9717,2310.59,
steady,pim-aware,host-cacheline,16,0,1.3,1,inorder,results/phaseA/steady_pim-aware_host-cacheline_bt16_cminorder_s0.csv,1000,1000,0,0,5955,2558,2497,3168,0.78819444,37546,0,0,0,0.9953767,0.99362445,0.99607403,0.12442209,0.12420306,0.12450925,454.23849,5549.3809,14801.23,
steady,pim-aware,host-cacheline,16,0,1.1,1,window,results/phaseA/steady_pim-aware_host-cacheline_bt16_hr1.1_s0.csv,1000,1000,0,0,6478,2818,2144,2680,0.8,37546,0,0,0,0.96318244,0.95,0.96875,0.99025339,0.96354167,1,2805.5151,891.74131,2293.39,
steady,pim-aware,host-cacheline,16,0,1.3,1,window,results/phaseA/steady_pim-aware_host-cacheline_bt16_s0.csv,1000,1000,0,0,5955,2558,2497,3168,0.78819444,37546,0,0,0,0.96327142,0.95,0.96875,0.98980761,0.96428571,1,2805.3679,883.9717,2310.59,
steady,pim-aware,host-cacheline,16,0,1.6,1,window,results/phaseA/steady_pim-aware_host-cacheline_bt16_hr1.6_s0.csv,1000,1000,0,0,5836,2495,2786,3896,0.7150924,37546,0,0,0,0.96303344,0.95,0.96875,0.98912537,0.96354167,1,2798.9918,880.14509,2317.9,
steady,pim-aware,host-cacheline,16,0,2,1,window,results/phaseA/steady_pim-aware_host-cacheline_bt16_hr2.0_s0.csv,1000,1000,0,0,5836,2495,2786,4864,0.57277961,37546,0,0,0,0.96303344,0.95,0.96875,0.98912537,0.96354167,1,2798.9918,880.14509,2317.9,
steady,pim-aware,host-cacheline,16,0,1.3,1,window,results/phaseA/steady_pim-aware_host-cacheline_bt16_ar0.5_s0.csv,1000,1000,0,0,5785,2474,2498,3168,0.7885101,37546,0,0,0,0.96306133,0.95,0.96875,0.99012628,0.96568813,1,2803.3565,896.72437,2367.2,0.5
steady,pim-aware,host-cacheline,16,0,1.3,1,window,results/phaseA/steady_pim-aware_host-cacheline_bt16_ar1.0_s0.csv,1000,1000,0,0,5744,2452,2492,3168,0.78661616,37546,0,0,0,0.96312886,0.95,0.96875,0.98993905,0.96875,1,2804.1511,902.78707,2367.2,1
steady,pim-aware,host-cacheline,16,1,1.3,1,window,results/phaseA/steady_pim-aware_host-cacheline_bt16_s1.csv,1000,1000,0,0,6147,2644,2666,3248,0.82081281,39293,0,0,0,0.96345721,0.95,0.96875,0.98997025,0.96666667,1,2809.3935,931.09278,2424.82,
steady,pim-aware,host-cacheline,16,2,1.3,1,window,results/phaseA/steady_pim-aware_host-cacheline_bt16_s2.csv,1000,1000,0,0,6401,2778,2293,3000,0.76433333,36203,0,0,0,0.96338976,0.95,0.96875,0.99044703,0.96875,1,2809.5164,924.3617,2384.4,
steady,pim-aware,host-cacheline,64,0,1.3,1,window,results/phaseA/steady_pim-aware_host-cacheline_bt64_s0.csv,1000,1000,0,0,5921,2540,655,832,0.78725962,9774,0,0,0,0.96306602,0.95,0.96875,0.9890527,0.96354167,1,2799.4532,885.64504,2367.63,
steady,pim-aware,host-cacheline,64,0,1.3,1,inorder,results/phaseA/steady_pim-aware_host-cacheline_bt64_cminorder_s0.csv,1000,1000,0,0,5921,2540,655,832,0.78725962,9774,0,0,0,0.99534455,0.99354629,0.99606815,0.12441807,0.12419329,0.12450852,454.09475,5557.4731,14955.02,
steady,pim-aware,host-cacheline,64,1,1.3,1,window,results/phaseA/steady_pim-aware_host-cacheline_bt64_s1.csv,1000,1000,0,0,6151,2646,689,832,0.828125,10185,0,0,0,0.96328188,0.95,0.96875,0.98975903,0.96634615,1,2805.7722,938.65344,2427.4,
steady,pim-aware,host-cacheline,64,2,1.3,1,window,results/phaseA/steady_pim-aware_host-cacheline_bt64_s2.csv,1000,1000,0,0,6500,2829,580,748,0.77540107,9419,0,0,0,0.96331184,0.95,0.96875,0.98988473,0.96759259,1,2806.6224,923.86366,2406.76,
steady,pim-aware,host-cacheline,128,0,1.3,1,window,results/phaseA/steady_pim-aware_host-cacheline_bt128_s0.csv,1000,1000,0,0,5985,2572,334,416,0.80288462,5131,0,0,0,0.96321037,0.95,0.96875,0.9892735,0.96428571,1,2803.1543,881.77068,2300.7,
steady,pim-aware,host-cacheline,128,0,1.3,1,inorder,results/phaseA/steady_pim-aware_host-cacheline_bt128_cminorder_s0.csv,1000,1000,0,0,5985,2572,334,416,0.80288462,5131,0,0,0,0.99536461,0.99358974,0.99607257,0.12442058,0.12419872,0.12450907,454.19002,5534.5713,14743.61,
steady,pim-aware,host-cacheline,128,1,1.3,1,window,results/phaseA/steady_pim-aware_host-cacheline_bt128_s1.csv,1000,1000,0,0,6241,2689,352,416,0.84615385,5339,0,0,0,0.96345792,0.95238095,0.96875,0.98951779,0.96457143,1,2808.5805,950.43466,2427.4,
steady,pim-aware,host-cacheline,128,2,1.3,1,window,results/phaseA/steady_pim-aware_host-cacheline_bt128_s2.csv,1000,1000,0,0,6277,2717,327,416,0.78605769,4956,0,0,0,0.96344841,0.95,0.96875,0.9894668,0.96527778,1,2807.894,918.29076,2411.92,
